Household_ID,Family_Size,Monthly_Income,Is_GI_Beneficiary,Primary_Earner_Gender,Raw_Material_Access,Training_Access,Satisfaction_Score,Income_Per_Member,Income_Per_Adult,Economic_Vulnerability,High_Income_Low_Satisfaction,Income_Efficiency,Raw_Material_Score,Total_Resource_Score,Resource_Training_Balance,Resource_Adequate,Full_Resource_Access,Monthly_Income_Zscore,Family_Size_Zscore,Satisfaction_Score_Zscore,Income_Percentile,Satisfaction_Percentile,Income_Quartile,Income_Outlier_Low,Income_Outlier_High,Female_Earner,Male_Earner,GI_Training_Synergy,Female_Training_Access,Female_GI_Beneficiary,Large_Family_High_Income,Female_GI_Training,Income_Category,Family_Size_Category,Satisfaction_Level,High_Satisfaction,Large_Family,Above_Median_Income,Satisfaction_Efficiency,Resource_Utilization,Basic_Success_Index,Artisan_Success_Index,Performance_Category,Established_Artisan,Growth_Potential,High_Support_Need,Market_Readiness
1,9,4748.0,1,Male,Difficult,1,2,527.5555555555555,678.2857142857143,1,0,474.8,1,2,1,0,0,-1.9158215480903764,1.4465045708046391,-0.7520716951479297,0.028037383177570093,0.2857142857142857,Q1_Low,1,0,0,1,1,0,0,0,0,Low,Very_Large,Low,0,1,0,0.6666666666666666,1582.6666666666667,2,0.5,Average,0,0,0,0.7999999999999999
2,6,5766.0,1,Male,Easy,0,4,961.0,1441.5,1,0,823.7142857142857,3,3,0,1,0,-1.3964556450301893,-0.1136227155314823,0.635471432334297,0.09345794392523364,0.680672268907563,Q1_Low,1,0,0,1,0,0,0,0,0,Low,Medium,High,1,0,0,1.0,1441.5,2,0.45,Average,0,0,1,0.6
3,7,9772.0,1,Male,Moderate,1,3,1396.0,1954.4,0,1,1221.5,2,3,2,1,0,0.6473359145563626,0.40641971324722487,-0.05830013140681635,0.7383177570093458,0.47478991596638653,Q3_Medium_High,0,0,0,1,1,0,0,1,0,High,Large,Medium,0,1,1,0.75,2443.0,3,0.8,High_Performing,1,0,0,0.8999999999999999
4,9,,1,Male,Moderate,1,4,,,0,0,,2,3,2,1,0,,1.4465045708046391,0.635471432334297,,0.680672268907563,,0,0,0,1,1,0,0,0,0,,Very_Large,High,1,1,0,1.0,,3,0.7,Average,0,0,0,0.8999999999999999
5,5,9452.0,1,Female,Easy,0,1,1890.4,3150.6666666666665,0,1,1575.3333333333333,3,3,0,1,0,0.4840774774451054,-0.6336651443101895,-1.445843258889043,0.6728971962616822,0.10504201680672269,Q3_Medium_High,0,0,1,0,0,0,1,0,0,High,Medium,Very_Low,0,0,1,0.25,2363.0,2,0.55,Average,0,0,0,0.6
6,7,11107.0,0,Male,Moderate,0,4,1586.7142857142858,2221.4,0,0,1388.375,2,2,0,1,0,1.3284297068798891,0.40641971324722487,0.635471432334297,0.9345794392523364,0.680672268907563,Q4_High,0,1,0,1,0,0,0,1,0,Very_High,Large,High,1,1,1,1.3333333333333333,3702.3333333333335,2,0.5,Average,0,0,0,0.19999999999999998
7,7,8923.0,0,Male,Moderate,1,1,1274.7142857142858,1784.6,0,1,1115.375,2,3,2,1,0,0.21419087359555822,0.40641971324722487,-1.445843258889043,0.5794392523364486,0.10504201680672269,Q3_Medium_High,0,0,0,1,0,0,0,1,0,High,Large,Very_Low,0,1,1,0.25,2230.75,2,0.55,Average,0,0,0,0.6
8,9,9694.0,1,Female,Difficult,0,4,1077.111111111111,1384.857142857143,0,0,969.4,1,1,0,0,0,0.6075416705104937,1.4465045708046391,0.635471432334297,0.7102803738317757,0.680672268907563,Q3_Medium_High,0,0,1,0,0,0,1,1,0,High,Very_Large,High,1,1,1,2.0,4847.0,3,0.75,Average,0,0,0,0.39999999999999997
9,4,6707.0,1,Female,Difficult,0,1,1676.75,3353.5,0,0,1341.4,1,1,0,0,0,-0.9163738033998984,-1.1537075730888966,-1.445843258889043,0.18691588785046728,0.10504201680672269,Q1_Low,1,0,1,0,0,0,1,0,0,Medium,Small,Very_Low,0,0,0,0.5,3353.5,1,0.25,Underperforming,0,0,1,0.39999999999999997
10,5,,1,Male,Difficult,1,2,,,0,0,,1,2,1,0,0,,-0.6336651443101895,-0.7520716951479297,,0.2857142857142857,,0,0,0,1,1,0,0,0,0,,Medium,Low,0,0,0,0.6666666666666666,,2,0.5,Average,0,0,0,0.7999999999999999
11,9,11437.0,0,Male,Difficult,1,5,1270.7777777777778,1633.857142857143,0,0,1143.7,1,2,1,0,0,1.4967899701508731,1.4465045708046391,1.3292429960754104,0.9532710280373832,0.8907563025210085,Q4_High,0,1,0,1,0,0,0,1,0,Very_High,Very_Large,Very_High,1,1,1,1.6666666666666667,3812.3333333333335,3,0.75,Average,0,1,0,0.5
12,5,6252.0,1,Male,Moderate,0,3,1250.4,2084.0,0,0,1042.0,2,2,0,1,0,-1.1485068936674674,-0.6336651443101895,-0.05830013140681635,0.1308411214953271,0.47478991596638653,Q1_Low,1,0,0,1,0,0,0,0,0,Medium,Medium,Medium,0,0,0,1.0,2084.0,1,0.25,Underperforming,0,0,1,0.5
13,5,10400.0,1,Male,Easy,1,4,2080.0,3466.6666666666665,0,0,1733.3333333333333,3,4,3,1,1,0.9677305973872051,-0.6336651443101895,0.635471432334297,0.8598130841121495,0.680672268907563,Q4_High,0,1,0,1,1,0,0,0,0,Very_High,Medium,High,1,0,1,0.8,2080.0,4,1.0,High_Performing,1,0,0,1.0
14,7,,0,Female,Moderate,1,5,,,0,0,,2,3,2,1,0,,0.40641971324722487,1.3292429960754104,,0.8907563025210085,,0,0,1,0,0,1,0,0,0,,Large,Very_High,1,1,0,1.25,,2,0.45,Average,0,1,0,0.6
15,6,9415.0,1,Female,Moderate,0,3,1569.1666666666667,2353.75,0,1,1345.0,2,2,0,1,0,0.4652007206541163,-0.1136227155314823,-0.05830013140681635,0.6448598130841121,0.47478991596638653,Q3_Medium_High,0,0,1,0,0,0,1,1,0,High,Medium,Medium,0,0,1,1.0,3138.3333333333335,2,0.55,Average,0,0,0,0.5
16,5,5131.0,0,Male,Easy,1,3,1026.2,1710.3333333333333,0,0,855.1666666666666,3,4,3,1,1,-1.7204216061728406,-0.6336651443101895,-0.05830013140681635,0.04672897196261682,0.47478991596638653,Q1_Low,1,0,0,1,0,0,0,0,0,Low,Medium,Medium,0,0,0,0.6,1026.2,1,0.25,Underperforming,0,0,0,0.7
17,8,9153.0,1,Male,Moderate,1,1,1144.125,1525.5,0,1,1017.0,2,3,2,1,0,0.3315328752692744,0.926462142025932,-1.445843258889043,0.616822429906542,0.10504201680672269,Q3_Medium_High,0,0,0,1,1,0,0,1,0,High,Large,Very_Low,0,1,1,0.25,2288.25,3,0.8,High_Performing,1,0,0,0.8999999999999999
18,7,8337.0,1,Female,Moderate,1,2,1191.0,1667.4,1,0,1042.125,2,3,2,1,0,-0.08477613936443167,0.40641971324722487,-0.7520716951479297,0.4953271028037383,0.2857142857142857,Q2_Medium_Low,0,0,1,0,1,1,1,0,1,High,Large,Low,0,1,0,0.5,2084.25,2,0.5,Average,0,0,0,0.8999999999999999
19,4,9435.0,0,Male,Difficult,0,2,2358.75,4717.5,0,1,1887.0,1,1,0,0,0,0.47540437297356986,-1.1537075730888966,-0.7520716951479297,0.6542056074766355,0.2857142857142857,Q3_Medium_High,0,0,0,1,0,0,0,0,0,High,Small,Low,0,0,1,1.0,4717.5,1,0.3,Underperforming,0,0,0,0.09999999999999999
20,6,9972.0,0,Male,Difficult,1,5,1662.0,2493.0,0,0,1424.5714285714287,1,2,1,0,0,0.7493724377508985,-0.1136227155314823,1.3292429960754104,0.7476635514018691,0.8907563025210085,Q3_Medium_High,0,0,0,1,0,0,0,1,0,High,Medium,Very_High,1,0,1,1.6666666666666667,3324.0,3,0.75,Average,0,1,0,0.5
21,8,6940.0,0,Male,Moderate,0,2,867.5,1156.6666666666667,1,0,771.1111111111111,2,2,0,1,0,-0.7975012538782642,0.926462142025932,-0.7520716951479297,0.24299065420560748,0.2857142857142857,Q1_Low,1,0,0,1,0,0,0,0,0,Medium,Large,Low,0,1,0,0.6666666666666666,2313.3333333333335,0,0.0,Underperforming,0,0,1,0.19999999999999998
22,8,6812.0,1,Male,Moderate,1,4,851.5,1135.3333333333333,1,0,756.8888888888889,2,3,2,1,0,-0.8628046287227671,0.926462142025932,0.635471432334297,0.21495327102803738,0.680672268907563,Q1_Low,1,0,0,1,1,0,0,0,0,Medium,Large,High,1,1,0,1.0,1703.0,3,0.7,Average,0,0,0,0.8999999999999999
23,4,8198.0,1,Female,Easy,0,2,2049.5,4099.0,0,0,1639.6,3,3,0,1,0,-0.15569152298463404,-1.1537075730888966,-0.7520716951479297,0.42990654205607476,0.2857142857142857,Q2_Medium_Low,0,0,1,0,0,0,1,0,0,High,Small,Low,0,0,0,0.5,2049.5,1,0.25,Underperforming,0,0,0,0.6
24,6,6568.0,1,Female,Difficult,1,5,1094.6666666666667,1642.0,1,0,938.2857142857143,1,2,1,0,0,-0.9872891870201008,-0.1136227155314823,1.3292429960754104,0.17757009345794392,0.8907563025210085,Q1_Low,1,0,1,0,1,1,1,0,1,Medium,Medium,Very_High,1,0,0,1.6666666666666667,2189.3333333333335,3,0.7,Average,0,0,0,0.7999999999999999
25,7,8800.0,0,Female,Difficult,0,2,1257.142857142857,1760.0,0,1,1100.0,1,1,0,0,0,0.15143841183091872,0.40641971324722487,-0.7520716951479297,0.5327102803738317,0.2857142857142857,Q3_Medium_High,0,0,1,0,0,0,0,1,0,High,Large,Low,0,1,1,1.0,4400.0,1,0.3,Underperforming,0,0,0,0.09999999999999999
26,3,8273.0,1,Male,Easy,1,4,2757.6666666666665,8273.0,0,0,2068.25,3,4,3,1,1,-0.11742782678668312,-1.673750001867604,0.635471432334297,0.4766355140186916,0.680672268907563,Q2_Medium_Low,0,0,0,1,1,0,0,0,0,High,Small,High,1,0,0,0.8,1654.6,3,0.7,Average,0,0,0,1.0
27,6,13767.0,0,Female,Moderate,0,1,2294.5,3441.75,0,1,1966.7142857142858,2,2,0,1,0,2.685515465367215,-0.1136227155314823,-1.445843258889043,0.9906542056074766,0.10504201680672269,Q4_High,0,1,1,0,0,0,0,1,0,Very_High,Medium,Very_Low,0,0,1,0.3333333333333333,4589.0,1,0.3,Underperforming,0,0,0,0.19999999999999998
28,4,6449.0,1,Male,Easy,0,5,1612.25,3224.5,0,0,1289.8,3,3,0,1,0,-1.0480009183208496,-1.1537075730888966,1.3292429960754104,0.16822429906542055,0.8907563025210085,Q1_Low,1,0,0,1,0,0,0,0,0,Medium,Small,Very_High,1,0,0,1.25,1612.25,2,0.45,Average,0,0,1,0.6
29,8,6935.0,1,Male,Easy,1,1,866.875,1155.8333333333333,1,0,770.5555555555555,3,4,3,1,1,-0.8000521669581276,0.926462142025932,-1.445843258889043,0.2336448598130841,0.10504201680672269,Q1_Low,1,0,0,1,1,0,0,0,0,Medium,Large,Very_Low,0,1,0,0.2,1387.0,2,0.5,Average,0,0,0,1.0
30,7,,0,Male,Easy,0,1,,,0,0,,3,3,0,1,0,,0.40641971324722487,-1.445843258889043,,0.10504201680672269,,0,0,0,1,0,0,0,0,0,,Large,Very_Low,0,1,0,0.25,,0,0.0,Underperforming,0,0,0,0.3
31,6,10245.0,0,Female,Easy,1,1,1707.5,2561.25,0,1,1463.5714285714287,3,4,3,1,1,0.8886522919114398,-0.1136227155314823,-1.445843258889043,0.8130841121495327,0.10504201680672269,Q4_High,0,1,1,0,0,1,0,1,0,Very_High,Medium,Very_Low,0,0,1,0.2,2049.0,2,0.55,Average,0,0,0,0.7
32,3,,0,Female,Difficult,1,3,,,0,0,,1,2,1,0,0,,-1.673750001867604,-0.05830013140681635,,0.47478991596638653,,0,0,1,0,0,1,0,0,0,,Small,Medium,0,0,0,1.0,,1,0.25,Underperforming,0,0,0,0.5
33,3,11745.0,1,Male,Moderate,1,3,3915.0,11745.0,0,1,2936.25,2,3,2,1,0,1.6539262158704584,-1.673750001867604,-0.05830013140681635,0.9626168224299065,0.47478991596638653,Q4_High,0,1,0,1,1,0,0,0,0,Very_High,Small,Medium,0,0,1,0.75,2936.25,3,0.8,High_Performing,1,0,0,0.8999999999999999
34,5,10147.0,1,Female,Moderate,1,1,2029.4,3382.3333333333335,0,1,1691.1666666666667,2,3,2,1,0,0.8386543955461173,-0.6336651443101895,-1.445843258889043,0.7850467289719626,0.10504201680672269,Q4_High,0,1,1,0,1,1,1,0,1,Very_High,Medium,Very_Low,0,0,1,0.25,2536.75,3,0.8,High_Performing,1,0,0,0.8999999999999999
35,5,9086.0,1,Male,Difficult,1,5,1817.2,3028.6666666666665,0,0,1514.3333333333333,1,2,1,0,0,0.2973506399991049,-0.6336651443101895,1.3292429960754104,0.5981308411214953,0.8907563025210085,Q3_Medium_High,0,0,0,1,1,0,0,0,0,High,Medium,Very_High,1,0,1,1.6666666666666667,3028.6666666666665,4,1.0,High_Performing,1,0,0,0.7999999999999999
36,9,10293.0,0,Male,Difficult,1,4,1143.6666666666667,1470.4285714285713,0,0,1029.3,1,2,1,0,0,0.9131410574781285,1.4465045708046391,0.635471432334297,0.8411214953271028,0.680672268907563,Q4_High,0,1,0,1,0,0,0,1,0,Very_High,Very_Large,High,1,1,1,1.3333333333333333,3431.0,3,0.75,Average,0,1,0,0.5
37,4,7279.0,1,Male,Difficult,0,4,1819.75,3639.5,0,0,1455.8,1,1,0,0,0,-0.624549347063526,-1.1537075730888966,0.635471432334297,0.3177570093457944,0.680672268907563,Q2_Medium_Low,0,0,0,1,0,0,0,0,0,Medium,Small,High,1,0,0,2.0,3639.5,2,0.45,Average,0,0,0,0.39999999999999997
38,6,7867.0,1,Male,Easy,1,2,1311.1666666666667,1966.75,1,0,1123.857142857143,3,4,3,1,1,-0.3245619688715908,-0.1136227155314823,-0.7520716951479297,0.3644859813084112,0.2857142857142857,Q2_Medium_Low,0,0,0,1,1,0,0,0,0,Medium,Medium,Low,0,0,0,0.4,1573.4,2,0.5,Average,0,0,0,1.0
39,6,5535.0,1,Male,Moderate,1,5,922.5,1383.75,1,0,790.7142857142857,2,3,2,1,0,-1.5143078293198782,-0.1136227155314823,1.3292429960754104,0.056074766355140186,0.8907563025210085,Q1_Low,1,0,0,1,1,0,0,0,0,Low,Medium,Very_High,1,0,0,1.25,1383.75,3,0.7,Average,0,0,0,0.8999999999999999
40,9,8042.0,1,Male,Easy,1,3,893.5555555555555,1148.857142857143,1,0,804.2,3,4,3,1,1,-0.23528001107637195,1.4465045708046391,-0.05830013140681635,0.40186915887850466,0.47478991596638653,Q2_Medium_Low,0,0,0,1,1,0,0,0,0,High,Very_Large,Medium,0,1,0,0.6,1608.4,2,0.5,Average,0,0,0,1.0
41,8,10425.0,1,Male,Moderate,1,1,1303.125,1737.5,0,1,1158.3333333333333,2,3,2,1,0,0.9804851627865221,0.926462142025932,-1.445843258889043,0.8691588785046729,0.10504201680672269,Q4_High,0,1,0,1,1,0,0,1,0,Very_High,Large,Very_Low,0,1,1,0.25,2606.25,3,0.8,High_Performing,1,0,0,0.8999999999999999
42,8,8080.0,1,Male,Easy,1,2,1010.0,1346.6666666666667,1,0,897.7777777777778,3,4,3,1,1,-0.21589307166941016,0.926462142025932,-0.7520716951479297,0.411214953271028,0.2857142857142857,Q2_Medium_Low,0,0,0,1,1,0,0,0,0,High,Large,Low,0,1,0,0.4,1616.0,2,0.5,Average,0,0,0,1.0
43,9,6951.0,1,Male,Moderate,0,4,772.3333333333334,993.0,1,0,695.1,2,2,0,1,0,-0.7918892451025648,1.4465045708046391,0.635471432334297,0.2523364485981308,0.680672268907563,Q1_Low,1,0,0,1,0,0,0,0,0,Medium,Very_Large,High,1,1,0,1.3333333333333333,2317.0,2,0.45,Average,0,0,1,0.5
44,8,7780.0,0,Male,Moderate,1,3,972.5,1296.6666666666667,1,0,864.4444444444445,2,3,2,1,0,-0.36894785646121386,0.926462142025932,-0.05830013140681635,0.35514018691588783,0.47478991596638653,Q2_Medium_Low,0,0,0,1,0,0,0,0,0,Medium,Large,Medium,0,1,0,0.75,1945.0,1,0.25,Underperforming,0,0,0,0.6
45,5,,0,Male,Easy,1,3,,,0,0,,3,4,3,1,1,,-0.6336651443101895,-0.05830013140681635,,0.47478991596638653,,0,0,0,1,0,0,0,0,0,,Medium,Medium,0,0,0,0.6,,1,0.25,Underperforming,0,0,0,0.7
46,6,7988.0,1,Male,Easy,1,1,1331.3333333333333,1997.0,1,0,1141.142857142857,3,4,3,1,1,-0.2628298723388966,-0.1136227155314823,-1.445843258889043,0.3925233644859813,0.10504201680672269,Q2_Medium_Low,0,0,0,1,1,0,0,0,0,Medium,Medium,Very_Low,0,0,0,0.2,1597.6,2,0.5,Average,0,0,0,1.0
47,9,10199.0,1,Male,Moderate,1,4,1133.2222222222222,1457.0,0,0,1019.9,2,3,2,1,0,0.8651838915766966,1.4465045708046391,0.635471432334297,0.794392523364486,0.680672268907563,Q4_High,0,1,0,1,1,0,0,1,0,Very_High,Very_Large,High,1,1,1,1.0,2549.75,4,1.0,High_Performing,1,0,0,0.8999999999999999
48,6,,0,Male,Easy,0,5,,,0,0,,3,3,0,1,0,,-0.1136227155314823,1.3292429960754104,,0.8907563025210085,,0,0,0,1,0,0,0,0,0,,Medium,Very_High,1,0,0,1.25,,1,0.2,Underperforming,0,0,0,0.3
49,3,6759.0,1,Male,Moderate,1,3,2253.0,6759.0,0,0,1689.75,2,3,2,1,0,-0.8898443073693191,-1.673750001867604,-0.05830013140681635,0.19626168224299065,0.47478991596638653,Q1_Low,1,0,0,1,1,0,0,0,0,Medium,Small,Medium,0,0,0,0.75,1689.75,2,0.5,Average,0,0,0,0.8999999999999999
50,5,7486.0,1,Male,Easy,0,1,1497.2,2495.3333333333335,0,0,1247.6666666666667,3,3,0,1,0,-0.5189415455571815,-0.6336651443101895,-1.445843258889043,0.34579439252336447,0.10504201680672269,Q2_Medium_Low,0,0,0,1,0,0,0,0,0,Medium,Medium,Very_Low,0,0,0,0.25,1871.5,1,0.25,Underperforming,0,0,0,0.6
51,7,5880.0,1,Female,Easy,0,5,840.0,1176.0,1,0,735.0,3,3,0,1,0,-1.338294826809304,0.40641971324722487,1.3292429960754104,0.11214953271028037,0.8907563025210085,Q1_Low,1,0,1,0,0,0,1,0,0,Low,Large,Very_High,1,1,0,1.25,1470.0,2,0.45,Average,0,0,1,0.6
52,5,14387.0,1,Male,Moderate,1,4,2877.4,4795.666666666667,0,0,2397.8333333333335,2,3,2,1,0,3.001828687270276,-0.6336651443101895,0.635471432334297,1.0,0.680672268907563,Q4_High,0,1,0,1,1,0,0,0,0,Very_High,Medium,High,1,0,1,1.0,3596.75,4,1.0,High_Performing,1,0,0,0.8999999999999999
53,9,6307.0,0,Male,Moderate,0,3,700.7777777777778,901.0,1,0,630.7,2,2,0,1,0,-1.12044684978897,1.4465045708046391,-0.05830013140681635,0.14953271028037382,0.47478991596638653,Q1_Low,1,0,0,1,0,0,0,0,0,Medium,Very_Large,Medium,0,1,0,1.0,2102.3333333333335,0,0.0,Underperforming,0,0,1,0.19999999999999998
54,7,10329.0,1,Female,Easy,1,5,1475.5714285714287,2065.8,0,0,1291.125,3,4,3,1,1,0.9315076316531449,0.40641971324722487,1.3292429960754104,0.8504672897196262,0.8907563025210085,Q4_High,0,1,1,0,1,1,1,1,1,Very_High,Large,Very_High,1,1,1,1.0,2065.8,4,1.0,High_Performing,1,0,0,1.0
55,3,7167.0,0,Male,Easy,0,5,2389.0,7167.0,0,0,1791.75,3,3,0,1,0,-0.681689800052466,-1.673750001867604,1.3292429960754104,0.29906542056074764,0.8907563025210085,Q2_Medium_Low,0,0,0,1,0,0,0,0,0,Medium,Small,Very_High,1,0,0,1.25,1791.75,1,0.2,Underperforming,0,0,1,0.3
56,9,7472.0,1,Male,Easy,1,5,830.2222222222222,1067.4285714285713,1,0,747.2,3,4,3,1,1,-0.5260841021807989,1.4465045708046391,1.3292429960754104,0.3364485981308411,0.8907563025210085,Q2_Medium_Low,0,0,0,1,1,0,0,0,0,Medium,Very_Large,Very_High,1,1,0,1.0,1494.4,3,0.7,Average,0,0,0,1.0
57,4,9102.0,1,Male,Difficult,0,3,2275.5,4551.0,0,1,1820.4,1,1,0,0,0,0.30551356185466777,-1.1537075730888966,-0.05830013140681635,0.6074766355140186,0.47478991596638653,Q3_Medium_High,0,0,0,1,0,0,0,0,0,High,Small,Medium,0,0,1,1.5,4551.0,2,0.55,Average,0,0,0,0.39999999999999997
58,6,5582.0,1,Male,Moderate,1,3,930.3333333333334,1395.5,1,0,797.4285714285714,2,3,2,1,0,-1.4903292463691622,-0.1136227155314823,-0.05830013140681635,0.06542056074766354,0.47478991596638653,Q1_Low,1,0,0,1,1,0,0,0,0,Low,Medium,Medium,0,0,0,0.75,1395.5,2,0.5,Average,0,0,0,0.8999999999999999
59,3,7174.0,1,Male,Moderate,1,2,2391.3333333333335,7174.0,0,0,1793.5,2,3,2,1,0,-0.6781185217406573,-1.673750001867604,-0.7520716951479297,0.308411214953271,0.2857142857142857,Q2_Medium_Low,0,0,0,1,1,0,0,0,0,Medium,Small,Low,0,0,0,0.5,1793.5,2,0.5,Average,0,0,0,0.8999999999999999
60,6,8207.0,1,Male,Difficult,1,4,1367.8333333333333,2051.75,1,0,1172.4285714285713,1,2,1,0,0,-0.15109987944087994,-0.1136227155314823,0.635471432334297,0.4392523364485981,0.680672268907563,Q2_Medium_Low,0,0,0,1,1,0,0,0,0,High,Medium,High,1,0,0,1.3333333333333333,2735.6666666666665,3,0.7,Average,0,0,0,0.7999999999999999
61,8,6807.0,1,Male,Easy,0,1,850.875,1134.5,1,0,756.3333333333334,3,3,0,1,0,-0.8653555418026305,0.926462142025932,-1.445843258889043,0.205607476635514,0.10504201680672269,Q1_Low,1,0,0,1,0,0,0,0,0,Medium,Large,Very_Low,0,1,0,0.25,1701.75,1,0.25,Underperforming,0,0,1,0.6
62,4,6855.0,1,Male,Difficult,0,5,1713.75,3427.5,0,0,1371.0,1,1,0,0,0,-0.8408667762359419,-1.1537075730888966,1.3292429960754104,0.22429906542056074,0.8907563025210085,Q1_Low,1,0,0,1,0,0,0,0,0,Medium,Small,Very_High,1,0,0,2.5,3427.5,2,0.45,Average,0,0,1,0.39999999999999997
63,4,10673.0,0,Female,Moderate,0,2,2668.25,5336.5,0,1,2134.6,2,2,0,1,0,1.1070104515477464,-1.1537075730888966,-0.7520716951479297,0.9065420560747663,0.2857142857142857,Q4_High,0,1,1,0,0,0,0,0,0,Very_High,Small,Low,0,0,1,0.6666666666666666,3557.6666666666665,1,0.3,Underperforming,0,0,0,0.19999999999999998
64,3,10509.0,1,Male,Easy,1,1,3503.0,10509.0,0,1,2627.25,3,4,3,1,1,1.0233405025282272,-1.673750001867604,-1.445843258889043,0.8878504672897196,0.10504201680672269,Q4_High,0,1,0,1,1,0,0,0,0,Very_High,Small,Very_Low,0,0,1,0.2,2101.8,3,0.8,High_Performing,1,0,0,1.0
65,4,,1,Male,Moderate,0,2,,,0,0,,2,2,0,1,0,,-1.1537075730888966,-0.7520716951479297,,0.2857142857142857,,0,0,0,1,0,0,0,0,0,,Small,Low,0,0,0,0.6666666666666666,,1,0.25,Underperforming,0,0,0,0.5
66,7,8331.0,1,Male,Difficult,1,3,1190.142857142857,1666.2,1,0,1041.375,1,2,1,0,0,-0.08783723506026773,0.40641971324722487,-0.05830013140681635,0.48598130841121495,0.47478991596638653,Q2_Medium_Low,0,0,0,1,1,0,0,0,0,High,Large,Medium,0,1,0,1.0,2777.0,2,0.5,Average,0,0,0,0.7999999999999999
67,4,10974.0,1,Male,Moderate,1,5,2743.5,5487.0,0,0,2194.8,2,3,2,1,0,1.2605754189555227,-1.1537075730888966,1.3292429960754104,0.9252336448598131,0.8907563025210085,Q4_High,0,1,0,1,1,0,0,0,0,Very_High,Small,Very_High,1,0,1,1.25,2743.5,4,1.0,High_Performing,1,0,0,0.8999999999999999
68,6,5647.0,0,Male,Difficult,1,1,941.1666666666666,1411.75,1,0,806.7142857142857,1,2,1,0,0,-1.457167376330938,-0.1136227155314823,-1.445843258889043,0.08411214953271028,0.10504201680672269,Q1_Low,1,0,0,1,0,0,0,0,0,Low,Medium,Very_Low,0,0,0,0.3333333333333333,1882.3333333333333,1,0.25,Underperforming,0,0,0,0.5
69,6,9176.0,1,Male,Moderate,0,1,1529.3333333333333,2294.0,0,1,1310.857142857143,2,2,0,1,0,0.34326707543664603,-0.1136227155314823,-1.445843258889043,0.6261682242990654,0.10504201680672269,Q3_Medium_High,0,0,0,1,0,0,0,1,0,High,Medium,Very_Low,0,0,1,0.3333333333333333,3058.6666666666665,2,0.55,Average,0,0,0,0.5
70,9,12449.0,1,Male,Difficult,1,1,1383.2222222222222,1778.4285714285713,0,1,1244.9,1,2,1,0,0,2.0130947775152244,1.4465045708046391,-1.445843258889043,0.9813084112149533,0.10504201680672269,Q4_High,0,1,0,1,1,0,0,1,0,Very_High,Very_Large,Very_Low,0,1,1,0.3333333333333333,4149.666666666667,3,0.8,High_Performing,1,0,0,0.7999999999999999
71,6,,1,Male,Moderate,0,1,,,0,0,,2,2,0,1,0,,-0.1136227155314823,-1.445843258889043,,0.10504201680672269,,0,0,0,1,0,0,0,0,0,,Medium,Very_Low,0,0,0,0.3333333333333333,,1,0.25,Underperforming,0,0,0,0.5
72,9,4620.0,0,Male,Difficult,0,1,513.3333333333334,660.0,1,0,462.0,1,1,0,0,0,-1.9811249229348795,1.4465045708046391,-1.445843258889043,0.009345794392523364,0.10504201680672269,Q1_Low,1,0,0,1,0,0,0,0,0,Low,Very_Large,Very_Low,0,1,0,0.5,2310.0,0,0.0,Underperforming,0,0,1,0.09999999999999999
73,6,6974.0,1,Male,Moderate,1,2,1162.3333333333333,1743.5,1,0,996.2857142857143,2,3,2,1,0,-0.7801550449351932,-0.1136227155314823,-0.7520716951479297,0.2616822429906542,0.2857142857142857,Q2_Medium_Low,0,0,0,1,1,0,0,0,0,Medium,Medium,Low,0,0,0,0.5,1743.5,2,0.5,Average,0,0,0,0.8999999999999999
74,7,8837.0,1,Male,Easy,1,5,1262.4285714285713,1767.4,0,0,1104.625,3,4,3,1,1,0.17031516862190782,0.40641971324722487,1.3292429960754104,0.5607476635514018,0.8907563025210085,Q3_Medium_High,0,0,0,1,1,0,0,1,0,High,Large,Very_High,1,1,1,1.0,1767.4,4,1.0,High_Performing,1,0,0,1.0
75,9,5856.0,0,Male,Easy,1,3,650.6666666666666,836.5714285714286,1,0,585.6,3,4,3,1,1,-1.3505392095926483,1.4465045708046391,-0.05830013140681635,0.102803738317757,0.47478991596638653,Q1_Low,1,0,0,1,0,0,0,0,0,Low,Very_Large,Medium,0,1,0,0.6,1171.2,1,0.25,Underperforming,0,0,0,0.7
76,5,7163.0,0,Female,Easy,1,3,1432.6,2387.6666666666665,0,0,1193.8333333333333,3,4,3,1,1,-0.6837305305163568,-0.6336651443101895,-0.05830013140681635,0.2897196261682243,0.47478991596638653,Q2_Medium_Low,0,0,1,0,0,1,0,0,0,Medium,Medium,Medium,0,0,0,0.6,1432.6,1,0.25,Underperforming,0,0,0,0.7
77,8,8225.0,0,Female,Easy,1,3,1028.125,1370.8333333333333,1,0,913.8888888888889,3,4,3,1,1,-0.1419165923533717,0.926462142025932,-0.05830013140681635,0.4672897196261682,0.47478991596638653,Q2_Medium_Low,0,0,1,0,0,1,0,0,0,High,Large,Medium,0,1,0,0.6,1645.0,1,0.25,Underperforming,0,0,0,0.7
78,3,11302.0,1,Male,Easy,1,3,3767.3333333333335,11302.0,0,1,2825.5,3,4,3,1,1,1.4279153169945615,-1.673750001867604,-0.05830013140681635,0.9439252336448598,0.47478991596638653,Q4_High,0,1,0,1,1,0,0,0,0,Very_High,Small,Medium,0,0,1,0.6,2260.4,3,0.8,High_Performing,1,0,0,1.0
79,6,,1,Female,Moderate,0,2,,,0,0,,2,2,0,1,0,,-0.1136227155314823,-0.7520716951479297,,0.2857142857142857,,0,0,1,0,0,0,1,0,0,,Medium,Low,0,0,0,0.6666666666666666,,1,0.25,Underperforming,0,0,0,0.5
80,4,8933.0,1,Male,Moderate,1,4,2233.25,4466.5,0,0,1786.6,2,3,2,1,0,0.219292699755285,-1.1537075730888966,0.635471432334297,0.5887850467289719,0.680672268907563,Q3_Medium_High,0,0,0,1,1,0,0,0,0,High,Small,High,1,0,1,1.0,2233.25,4,1.0,High_Performing,1,0,0,0.8999999999999999
81,6,9524.0,1,Male,Difficult,0,5,1587.3333333333333,2381.0,0,0,1360.5714285714287,1,1,0,0,0,0.5208106257951383,-0.1136227155314823,1.3292429960754104,0.6822429906542056,0.8907563025210085,Q3_Medium_High,0,0,0,1,0,0,0,1,0,High,Medium,Very_High,1,0,1,2.5,4762.0,3,0.75,Average,0,0,0,0.39999999999999997
82,4,9586.0,1,Male,Difficult,0,1,2396.5,4793.0,0,1,1917.2,1,1,0,0,0,0.5524419479854444,-1.1537075730888966,-1.445843258889043,0.6915887850467289,0.10504201680672269,Q3_Medium_High,0,0,0,1,0,0,0,0,0,High,Small,Very_Low,0,0,1,0.5,4793.0,2,0.55,Average,0,0,0,0.39999999999999997
83,8,8556.0,0,Male,Moderate,0,4,1069.5,1426.0,0,0,950.6666666666666,2,2,0,1,0,0.026953853533585037,0.926462142025932,0.635471432334297,0.5046728971962616,0.680672268907563,Q2_Medium_Low,0,0,0,1,0,0,0,1,0,High,Large,High,1,1,0,1.3333333333333333,2852.0,1,0.2,Underperforming,0,0,0,0.19999999999999998
84,8,6105.0,1,Male,Difficult,0,3,763.125,1017.5,1,0,678.3333333333334,1,1,0,0,0,-1.2235037382154512,0.926462142025932,-0.05830013140681635,0.12149532710280374,0.47478991596638653,Q1_Low,1,0,0,1,0,0,0,0,0,Medium,Large,Medium,0,1,0,1.5,3052.5,1,0.25,Underperforming,0,0,1,0.39999999999999997
85,8,10079.0,0,Male,Difficult,0,4,1259.875,1679.8333333333333,0,0,1119.888888888889,1,1,0,0,0,0.8039619776599751,0.926462142025932,0.635471432334297,0.7663551401869159,0.680672268907563,Q4_High,0,1,0,1,0,0,0,1,0,Very_High,Large,High,1,1,1,2.0,5039.5,2,0.5,Average,0,0,0,0.09999999999999999
86,4,9362.0,1,Male,Moderate,1,5,2340.5,4681.0,0,0,1872.4,2,3,2,1,0,0.4381610420075643,-1.1537075730888966,1.3292429960754104,0.6355140186915887,0.8907563025210085,Q3_Medium_High,0,0,0,1,1,0,0,0,0,High,Small,Very_High,1,0,1,1.25,2340.5,4,1.0,High_Performing,1,0,0,0.8999999999999999
87,6,6306.0,0,Male,Easy,1,1,1051.0,1576.5,1,0,900.8571428571429,3,4,3,1,1,-1.1209570324049427,-0.1136227155314823,-1.445843258889043,0.14018691588785046,0.10504201680672269,Q1_Low,1,0,0,1,0,0,0,0,0,Medium,Medium,Very_Low,0,0,0,0.2,1261.2,1,0.25,Underperforming,0,0,0,0.7
88,8,7135.0,1,Female,Easy,0,1,891.875,1189.1666666666667,1,0,792.7777777777778,3,3,0,1,0,-0.6980156437635918,0.926462142025932,-1.445843258889043,0.2803738317757009,0.10504201680672269,Q2_Medium_Low,0,0,1,0,0,0,1,0,0,Medium,Large,Very_Low,0,1,0,0.25,1783.75,1,0.25,Underperforming,0,0,1,0.6
89,7,10275.0,1,Female,Easy,0,5,1467.857142857143,2055.0,0,0,1284.375,3,3,0,1,0,0.9039577703906202,0.40641971324722487,1.3292429960754104,0.8317757009345794,0.8907563025210085,Q4_High,0,1,1,0,0,0,1,1,0,Very_High,Large,Very_High,1,1,1,1.25,2568.75,3,0.75,Average,0,0,0,0.6
90,9,9710.0,0,Male,Easy,1,5,1078.888888888889,1387.142857142857,0,0,971.0,3,4,3,1,1,0.6157045923660566,1.4465045708046391,1.3292429960754104,0.719626168224299,0.8907563025210085,Q3_Medium_High,0,0,0,1,0,0,0,1,0,High,Very_Large,Very_High,1,1,1,1.0,1942.0,3,0.75,Average,0,1,0,0.7
91,4,7059.0,1,Female,Easy,1,3,1764.75,3529.5,0,0,1411.8,3,4,3,1,1,-0.7367895225775154,-1.1537075730888966,-0.05830013140681635,0.27102803738317754,0.47478991596638653,Q2_Medium_Low,0,0,1,0,1,1,1,0,1,Medium,Small,Medium,0,0,0,0.6,1411.8,2,0.5,Average,0,0,0,1.0
92,4,7960.0,1,Female,Difficult,1,1,1990.0,3980.0,0,0,1592.0,1,2,1,0,0,-0.2771149855861316,-1.1537075730888966,-1.445843258889043,0.38317757009345793,0.10504201680672269,Q2_Medium_Low,0,0,1,0,1,1,1,0,1,Medium,Small,Very_Low,0,0,0,0.3333333333333333,2653.3333333333335,2,0.5,Average,0,0,0,0.7999999999999999
93,6,8213.0,0,Female,Difficult,0,4,1368.8333333333333,2053.25,1,0,1173.2857142857142,1,1,0,0,0,-0.14803878374504387,-0.1136227155314823,0.635471432334297,0.4485981308411215,0.680672268907563,Q2_Medium_Low,0,0,1,0,0,0,0,0,0,High,Medium,High,1,0,0,2.0,4106.5,1,0.2,Underperforming,0,0,0,0.09999999999999999
94,4,9734.0,0,Male,Easy,1,2,2433.5,4867.0,0,1,1946.8,3,4,3,1,1,0.6279489751494008,-1.1537075730888966,-0.7520716951479297,0.7289719626168224,0.2857142857142857,Q3_Medium_High,0,0,0,1,0,0,0,0,0,High,Small,Low,0,0,1,0.4,1946.8,2,0.55,Average,0,0,0,0.7
95,4,,1,Male,Easy,1,2,,,0,0,,3,4,3,1,1,,-1.1537075730888966,-0.7520716951479297,,0.2857142857142857,,0,0,0,1,1,0,0,0,0,,Small,Low,0,0,0,0.4,,2,0.5,Average,0,0,0,1.0
96,8,8631.0,1,Male,Easy,1,5,1078.875,1438.5,0,0,959.0,3,4,3,1,1,0.06521754973153596,0.926462142025932,1.3292429960754104,0.514018691588785,0.8907563025210085,Q3_Medium_High,0,0,0,1,1,0,0,1,0,High,Large,Very_High,1,1,1,1.0,1726.2,4,1.0,High_Performing,1,0,0,1.0
97,6,10838.0,1,Male,Moderate,1,3,1806.3333333333333,2709.5,0,1,1548.2857142857142,2,3,2,1,0,1.1911905831832386,-0.1136227155314823,-0.05830013140681635,0.9158878504672897,0.47478991596638653,Q4_High,0,1,0,1,1,0,0,1,0,Very_High,Medium,Medium,0,0,1,0.75,2709.5,3,0.8,High_Performing,1,0,0,0.8999999999999999
98,8,10246.0,0,Female,Moderate,0,2,1280.75,1707.6666666666667,0,1,1138.4444444444443,2,2,0,1,0,0.8891624745274125,0.926462142025932,-0.7520716951479297,0.822429906542056,0.2857142857142857,Q4_High,0,1,1,0,0,0,0,1,0,Very_High,Large,Low,0,1,1,0.6666666666666666,3415.3333333333335,1,0.3,Underperforming,0,0,0,0.19999999999999998
99,9,8911.0,1,Male,Difficult,1,1,990.1111111111111,1273.0,0,1,891.1,1,2,1,0,0,0.20806868220388608,1.4465045708046391,-1.445843258889043,0.5700934579439252,0.10504201680672269,Q3_Medium_High,0,0,0,1,1,0,0,1,0,High,Very_Large,Very_Low,0,1,1,0.3333333333333333,2970.3333333333335,3,0.8,High_Performing,1,0,0,0.7999999999999999
100,9,5613.0,1,Female,Moderate,0,5,623.6666666666666,801.8571428571429,1,0,561.3,2,2,0,1,0,-1.4745135852740092,1.4465045708046391,1.3292429960754104,0.07476635514018691,0.8907563025210085,Q1_Low,1,0,1,0,0,0,1,0,0,Low,Very_Large,Very_High,1,1,0,1.6666666666666667,1871.0,2,0.45,Average,0,0,1,0.5
101,8,6444.0,1,Female,Difficult,1,4,805.5,1074.0,1,0,716.0,1,2,1,0,0,-1.050551831400713,0.926462142025932,0.635471432334297,0.1588785046728972,0.680672268907563,Q1_Low,1,0,1,0,1,1,1,0,1,Medium,Large,High,1,1,0,1.3333333333333333,2148.0,3,0.7,Average,0,0,0,0.7999999999999999
102,9,9982.0,1,Female,Difficult,0,5,1109.111111111111,1426.0,0,0,998.2,1,1,0,0,0,0.7544742639106252,1.4465045708046391,1.3292429960754104,0.7570093457943925,0.8907563025210085,Q4_High,0,1,1,0,0,0,1,1,0,High,Very_Large,Very_High,1,1,1,2.5,4991.0,3,0.75,Average,0,0,0,0.39999999999999997
103,6,5078.0,0,Male,Easy,1,4,846.3333333333334,1269.5,1,0,725.4285714285714,3,4,3,1,1,-1.7474612848193924,-0.1136227155314823,0.635471432334297,0.037383177570093455,0.680672268907563,Q1_Low,1,0,0,1,0,0,0,0,0,Low,Medium,High,1,0,0,0.8,1015.6,2,0.45,Average,0,1,0,0.7
104,3,8737.0,1,Male,Difficult,1,5,2912.3333333333335,8737.0,0,0,2184.25,1,2,1,0,0,0.11929690702463994,-1.673750001867604,1.3292429960754104,0.5233644859813084,0.8907563025210085,Q3_Medium_High,0,0,0,1,1,0,0,0,0,High,Small,Very_High,1,0,1,1.6666666666666667,2912.3333333333335,4,1.0,High_Performing,1,0,0,0.7999999999999999
105,8,10500.0,0,Male,Moderate,0,5,1312.5,1750.0,0,0,1166.6666666666667,2,2,0,1,0,1.0187488589844729,0.926462142025932,1.3292429960754104,0.8785046728971962,0.8907563025210085,Q4_High,0,1,0,1,0,0,0,1,0,Very_High,Large,Very_High,1,1,1,1.6666666666666667,3500.0,2,0.5,Average,0,0,0,0.19999999999999998
106,7,8804.0,1,Female,Moderate,0,5,1257.7142857142858,1760.8,0,0,1100.5,2,2,0,1,0,0.1534791422948094,0.40641971324722487,1.3292429960754104,0.5514018691588785,0.8907563025210085,Q3_Medium_High,0,0,1,0,0,0,1,1,0,High,Large,Very_High,1,1,1,1.6666666666666667,2934.6666666666665,3,0.75,Average,0,0,0,0.5
107,7,7297.0,1,Male,Moderate,0,4,1042.4285714285713,1459.4,1,0,912.125,2,2,0,1,0,-0.6153660599760178,0.40641971324722487,0.635471432334297,0.32710280373831774,0.680672268907563,Q2_Medium_Low,0,0,0,1,0,0,0,0,0,Medium,Large,High,1,1,0,1.3333333333333333,2432.3333333333335,2,0.45,Average,0,0,0,0.5
108,4,,1,Male,Difficult,0,4,,,0,0,,1,1,0,0,0,,-1.1537075730888966,0.635471432334297,,0.680672268907563,,0,0,0,1,0,0,0,0,0,,Small,High,1,0,0,2.0,,2,0.45,Average,0,0,0,0.39999999999999997
109,9,10132.0,1,Male,Moderate,0,5,1125.7777777777778,1447.4285714285713,0,0,1013.2,2,2,0,1,0,0.8310016563065271,1.4465045708046391,1.3292429960754104,0.7757009345794392,0.8907563025210085,Q4_High,0,1,0,1,0,0,0,1,0,Very_High,Very_Large,Very_High,1,1,1,1.6666666666666667,3377.3333333333335,3,0.75,Average,0,0,0,0.5
110,7,9443.0,0,Male,Difficult,1,2,1349.0,1888.6,0,1,1180.375,1,2,1,0,0,0.4794858339013513,0.40641971324722487,-0.7520716951479297,0.6635514018691588,0.2857142857142857,Q3_Medium_High,0,0,0,1,0,0,0,1,0,High,Large,Low,0,1,1,0.6666666666666666,3147.6666666666665,2,0.55,Average,0,0,0,0.5
111,4,7929.0,0,Female,Difficult,0,3,1982.25,3964.5,0,0,1585.8,1,1,0,0,0,-0.2929306466812847,-1.1537075730888966,-0.05830013140681635,0.37383177570093457,0.47478991596638653,Q2_Medium_Low,0,0,1,0,0,0,0,0,0,Medium,Small,Medium,0,0,0,1.5,3964.5,0,0.0,Underperforming,0,0,0,0.09999999999999999
112,3,10630.0,1,Female,Moderate,1,3,3543.3333333333335,10630.0,0,1,2657.5,2,3,2,1,0,1.0850725990609214,-1.673750001867604,-0.05830013140681635,0.897196261682243,0.47478991596638653,Q4_High,0,1,1,0,1,1,1,0,1,Very_High,Small,Medium,0,0,1,0.75,2657.5,3,0.8,High_Performing,1,0,0,0.8999999999999999
113,6,10207.0,0,Male,Difficult,0,3,1701.1666666666667,2551.75,0,1,1458.142857142857,1,1,0,0,0,0.869265352504478,-0.1136227155314823,-0.05830013140681635,0.8037383177570093,0.47478991596638653,Q4_High,0,1,0,1,0,0,0,1,0,Very_High,Medium,Medium,0,0,1,1.5,5103.5,1,0.3,Underperforming,0,0,0,0.09999999999999999
114,6,12077.0,1,Female,Moderate,0,4,2012.8333333333333,3019.25,0,0,1725.2857142857142,2,2,0,1,0,1.8233068443733877,-0.1136227155314823,0.635471432334297,0.9719626168224299,0.680672268907563,Q4_High,0,1,1,0,0,0,1,1,0,Very_High,Medium,High,1,0,1,1.3333333333333333,4025.6666666666665,3,0.75,Average,0,0,0,0.5
115,6,9633.0,0,Male,Moderate,0,4,1605.5,2408.25,0,0,1376.142857142857,2,2,0,1,0,0.5764205309361603,-0.1136227155314823,0.635471432334297,0.7009345794392523,0.680672268907563,Q3_Medium_High,0,0,0,1,0,0,0,1,0,High,Medium,High,1,0,1,1.3333333333333333,3211.0,2,0.5,Average,0,0,0,0.19999999999999998
116,7,8170.0,1,Male,Moderate,1,2,1167.142857142857,1634.0,1,0,1021.25,2,3,2,1,0,-0.16997663623186904,0.40641971324722487,-0.7520716951479297,0.4205607476635514,0.2857142857142857,Q2_Medium_Low,0,0,0,1,1,0,0,0,0,High,Large,Low,0,1,0,0.5,2042.5,2,0.5,Average,0,0,0,0.8999999999999999
117,3,8214.0,1,Male,Easy,1,3,2738.0,8214.0,0,0,2053.5,3,4,3,1,1,-0.14752860112907118,-1.673750001867604,-0.05830013140681635,0.45794392523364486,0.47478991596638653,Q2_Medium_Low,0,0,0,1,1,0,0,0,0,High,Small,Medium,0,0,0,0.6,1642.8,2,0.5,Average,0,0,0,1.0
118,7,4630.0,1,Male,Difficult,0,3,661.4285714285714,926.0,1,0,578.75,1,1,0,0,0,-1.9760230967751526,0.40641971324722487,-0.05830013140681635,0.018691588785046728,0.47478991596638653,Q1_Low,1,0,0,1,0,0,0,0,0,Low,Large,Medium,0,1,0,1.5,2315.0,1,0.25,Underperforming,0,0,1,0.39999999999999997
119,9,8801.0,1,Male,Moderate,1,5,977.8888888888889,1257.2857142857142,0,0,880.1,2,3,2,1,0,0.15194859444689138,1.4465045708046391,1.3292429960754104,0.5420560747663551,0.8907563025210085,Q3_Medium_High,0,0,0,1,1,0,0,1,0,High,Very_Large,Very_High,1,1,1,1.25,2200.25,4,1.0,High_Performing,1,0,0,0.8999999999999999
